Client ID,First Name,Last Name,CNP,Date of Birth,email
1,Amos,Badescu,2630106102036,1963-01-06,amosbadescu@gmail.com
2,Antonia,Claudiescu,1851125064017,1985-11-25,antoniaclaudiescu@gmail.com
3,Pavel,Cioranescu,1370902718569,1937-09-02,pavelcioranescu@gmail.com
4,Flavia,Danciulescu,1920401859651,1992-04-01,flaviadanciulescu@gmail.com
5,Efrem,Filipescu,2040105816826,1904-01-05,efremfilipescu@gmail.com
6,Vladimir,Cismarescu,2020412653310,1902-04-12,vladimircismarescu@gmail.com
7,Razvan,Golescu,5080507777981,2008-05-07,razvangolescu@gmail.com
8,Constanta,Cordescu,1760413557648,1976-04-13,constantacordescu@gmail.com
9,Raluca,Gruescu,2210223707026,1921-02-23,ralucagruescu@gmail.com
10,Fabian,Bidulescu,6001106227673,2000-11-06,fabianbidulescu@gmail.com
11,Andreas,Bidulescu,1920317007226,1992-03-17,andreasbidulescu@gmail.com
12,Ruxandra,Buhescu,1060112064775,1906-01-12,ruxandrabuhescu@gmail.com
13,Zaharia,Encutescu,2031012732808,1903-10-12,zahariaencutescu@gmail.com
14,Antonia,Craciunescu,2360307916029,1936-03-07,antoniacraciunescu@gmail.com
15,Eusebiu,Istratescu,1870702725131,1987-07-02,eusebiuistratescu@gmail.com
16,Cecilia,Ionescu,2640921449304,1964-09-21,ceciliaionescu@gmail.com
17,Vasile,Craciunescu,6081217240812,2008-12-17,vasilecraciunescu@gmail.com
18,Camil,Gruescu,1730509492972,1973-05-09,camilgruescu@gmail.com
19,Costel,Codrescu,1950607458783,1995-06-07,costelcodrescu@gmail.com
20,Bartolomeu,Bunea,2880421723082,1988-04-21,bartolomeubunea@gmail.com
21,Madalina,Dijmarescu,1421218086756,1942-12-18,madalinadijmarescu@gmail.com
22,Matei,Braescu,1670202230657,1967-02-02,mateibraescu@gmail.com
23,Eugen,Bunea,1380814096949,1938-08-14,eugenbunea@gmail.com
24,Sebastian,Ionasescu,1880210941964,1988-02-10,sebastianionasescu@gmail.com
25,Raluca,Eretescu,1620301709381,1962-03-01,ralucaeretescu@gmail.com
26,Marin,Balcescu,1090702424477,1909-07-02,marinbalcescu@gmail.com
27,Adriana,Gorunescu,5020721135407,2002-07-21,adrianagorunescu@gmail.com
28,Antonia,Fometescu,1240411456141,1924-04-11,antoniafometescu@gmail.com
29,Anghel,Andronescu,2690426454677,1969-04-26,anghelandronescu@gmail.com
30,Cazimir,Corocaescu,2371128760074,1937-11-28,cazimircorocaescu@gmail.com
31,David,Claudiescu,1780714461807,1978-07-14,davidclaudiescu@gmail.com
32,Horia,Albescu,2400909425838,1940-09-09,horiaalbescu@gmail.com
33,Neculai,Basescu,2380105374245,1938-01-05,neculaibasescu@gmail.com
34,Nicolai,Corocaescu,1181120487778,1918-11-20,nicolaicorocaescu@gmail.com
35,Iosif,Angelescu,5030209364357,2003-02-09,iosifangelescu@gmail.com
36,Decebal,Andriescu,2400106055440,1940-01-06,decebalandriescu@gmail.com
37,Adriana,Berevoescu,1650423089648,1965-04-23,adrianaberevoescu@gmail.com
38,Vladimir,Badilescu,1300809522204,1930-08-09,vladimirbadilescu@gmail.com
39,Daniel,Balasescu,1230514701679,1923-05-14,danielbalasescu@gmail.com
40,Andreas,Istratescu,1490520433428,1949-05-20,andreasistratescu@gmail.com
41,Laura,Iftimescu,2261209205052,1926-12-09,lauraiftimescu@gmail.com
42,Luca,Bucurescu,5021018296062,2002-10-18,lucabucurescu@gmail.com
43,Felix,Homescu,2491018951393,1949-10-18,felixhomescu@gmail.com
44,Doina,Cernescu,1600625335193,1960-06-25,doinacernescu@gmail.com
45,Gabriel,Andriescu,1480722803973,1948-07-22,gabrielandriescu@gmail.com
46,Aniela,Balanescu,2511221713715,1951-12-21,anielabalanescu@gmail.com
47,Ioana,Aronescu,1820912940862,1982-09-12,ioanaaronescu@gmail.com
48,Aurica,Fometescu,2881009564763,1988-10-09,auricafometescu@gmail.com
49,Arsenie,Elenescu,2050119445893,1905-01-19,arsenieelenescu@gmail.com
50,Dumitru,Bidulescu,1080808325176,1908-08-08,dumitrubidulescu@gmail.com
51,Antoaneta,Isbasescu,1571226172193,1957-12-26,antoanetaisbasescu@gmail.com
52,George,Encutescu,5001017923885,2000-10-17,georgeencutescu@gmail.com
53,Oscar,Homescu,5080108110475,2008-01-08,oscarhomescu@gmail.com
54,Dionisie,Cobalcescu,2361225964949,1936-12-25,dionisiecobalcescu@gmail.com
55,Codrut,Darmannescu,2381122417708,1938-11-22,codrutdarmannescu@gmail.com
56,Luca,Corocaescu,1090204353852,1909-02-04,lucacorocaescu@gmail.com
57,Anisoara,Bungescu,5030620925573,2003-06-20,anisoarabungescu@gmail.com
58,Doru,Ghitulescu,1880504115392,1988-05-04,dorughitulescu@gmail.com
59,Luca,Danciulescu,1061023609222,1906-10-23,lucadanciulescu@gmail.com
60,Liliana,Dinescu,1540401369064,1954-04-01,lilianadinescu@gmail.com
61,Gratiela,Enatescu,1060327602417,1906-03-27,gratielaenatescu@gmail.com
62,Constanta,Berevoescu,2650704164657,1965-07-04,constantaberevoescu@gmail.com
63,Geta,Anghelescu,2030104611567,1903-01-04,getaanghelescu@gmail.com
64,Stefan,Ionescu,2490710407257,1949-07-10,stefanionescu@gmail.com
65,Luchian,Calinescu,2890725268670,1989-07-25,luchiancalinescu@gmail.com
66,Cecilia,Ghionescu,2361116200053,1936-11-16,ceciliaghionescu@gmail.com
67,Laur,Gorunescu,1810216487256,1981-02-16,laurgorunescu@gmail.com
68,Cristofor,Danciulescu,2080816200550,1908-08-16,cristofordanciulescu@gmail.com
69,Ilarie,Costescu,2120314863446,1912-03-14,ilariecostescu@gmail.com
70,Horia,Baldovinescu,2941115303548,1994-11-15,horiabaldovinescu@gmail.com
71,Gheorghe,Fometescu,1330125422293,1933-01-25,gheorghefometescu@gmail.com
72,Adrian,Dobrescu,1020607308169,1902-06-07,adriandobrescu@gmail.com
73,Sorin,Cosambescu,5031001748787,2003-10-01,sorincosambescu@gmail.com
74,Denis,Iovulescu,2831026022270,1983-10-26,denisiovulescu@gmail.com
75,Magdalena,Dijmarescu,2600624127227,1960-06-24,magdalenadijmarescu@gmail.com
76,Neculai,Dinculescu,2130212060680,1913-02-12,neculaidinculescu@gmail.com
77,Madalin,Braescu,6070917559448,2007-09-17,madalinbraescu@gmail.com
78,Denis,Arnautescu,1560728573979,1956-07-28,denisarnautescu@gmail.com
79,Eugenia,Davidescu,2770904496906,1977-09-04,eugeniadavidescu@gmail.com
80,Ciprian,Darmannescu,2680524764219,1968-05-24,cipriandarmannescu@gmail.com
81,Luciana,Ghitulescu,1600926551330,1960-09-26,lucianaghitulescu@gmail.com
82,Eugenia,Hurmuzescu,1820510825378,1982-05-10,eugeniahurmuzescu@gmail.com
83,Alin,Badilescu,2660204669716,1966-02-04,alinbadilescu@gmail.com
84,Nicolae,Eretescu,1850706345541,1985-07-06,nicolaeeretescu@gmail.com
85,Eugen,Agulescu,1080320975812,1908-03-20,eugenagulescu@gmail.com
86,Basarab,Filipescu,1900219823583,1990-02-19,basarabfilipescu@gmail.com
87,Felicia,Bunea,2381104552031,1938-11-04,feliciabunea@gmail.com
88,Luchian,Gherghescu,6040126824832,2004-01-26,luchiangherghescu@gmail.com
89,Dumitru,Ghinescu,1830618365692,1983-06-18,dumitrughinescu@gmail.com
90,Adrian,Gramescu,2030614639905,1903-06-14,adriangramescu@gmail.com
91,Laura,Branescu,1460717805093,1946-07-17,laurabranescu@gmail.com
92,Aurica,Danescu,1050807854861,1905-08-07,auricadanescu@gmail.com
93,Carmen,Florescu,1640617590066,1964-06-17,carmenflorescu@gmail.com
94,Iolanda,Dinulescu,2641209139905,1964-12-09,iolandadinulescu@gmail.com
95,Antonia,Cosambescu,2800905795172,1980-09-05,antoniacosambescu@gmail.com
96,Fanurie,Eretescu,2301022002625,1930-10-22,fanurieeretescu@gmail.com
97,Benedict,Aldulescu,2900724749623,1990-07-24,benedictaldulescu@gmail.com
98,Magdalena,Achimescu,1410611749043,1941-06-11,magdalenaachimescu@gmail.com
99,Petru,Ghionescu,1790423047105,1979-04-23,petrughionescu@gmail.com
100,Calin,Ivanescu,1500413620467,1950-04-13,calinivanescu@gmail.com
